species,N_flank_position,C_flank_position,sequence
Saiga_tatarica,137,142,EAIVNT
Saiga_tatarica,143,148,EAIVNT
Saiga_tatarica,149,154,EAIVNT
Bos_mutus,147,150,EASP
Bos_mutus,151,154,EASP
Otolemur_garnettii,112,114,PTT
Otolemur_garnettii,115,117,PTI
Otolemur_garnettii,141,161,PETSSVSAVTNTLEAAAVTVT
Otolemur_garnettii,162,182,PEASSVSAITNTLEAAAVTVT
Otolemur_garnettii,183,203,PEASSVSAVTNTLEAAAVTVT
Myotis_lucifugus,95,131,PSLFAIPPKKNQDKAVIPTANTVPADEPTLIPPSEST
Myotis_lucifugus,132,168,PPLFAVPPKKNQDKAVIPIVNTVPADEATLFPPSEST
Myotis_lucifugus,169,205,PPLFATPPKKNQDKAVIPTINIIPADEPTVILSSEPT
Myotis_brandtii,95,131,PSLFAIPPKKNQDKAVIPTANTVPADEPTLIPPSEST
Myotis_brandtii,132,168,PPLIAIPPKKNQDKAVIPIVNTVPADEPTLFPPSEST
Myotis_brandtii,169,205,PPLIAIPPKKNQDKAVIPTINIIAADEPTVILSSEPT
Jaculus_jaculus,101,112,NADPNASAIPSA
Jaculus_jaculus,113,124,NAHPDASAIPSA
Jaculus_jaculus,125,136,NAHPDASAIPSP
Cavia_porcellus,133,145,SAGDTPEVSSQFI
Cavia_porcellus,146,171,DTPDTSVLAEEARESPEDTPEISEFI
Cavia_porcellus,172,198,NAPDTAVPSEEPRESAEDTPEISSEFI
Castor_canadensis,51,62,INNPYMPYPYYV
Castor_canadensis,63,74,ISNPYMSYPYYS
Dipodomys_ordii,48,62,INSPYMPFPYYA
Dipodomys_ordii,63,69,VNN  LPYTYST
Manis_javanica,33,35,NSL
Manis_javanica,36,38,NSS
Sus_scrofa,128,133,EPIVNA
Sus_scrofa,134,139,EPIVNA
